name,pm25_exposure_ugm3,agriculture_pct,energy_coal_pct,energy_noncoal_pct,industry_coal_pct,industry_noncoal_pct,nonroad_transport_pct,road_transport_pct,residential_coal_pct,residential_biofuel_pct,residential_other_pct,commercial_pct,other_combustion_pct,solvent_pct,waste_pct,intl_shipping_pct,ag_waste_burning_pct,other_open_fire_pct,afcid_dust_pct,windblown_dust_pct,remaining_sources_pct,deaths_gbd2019crf,deaths_gemm,energy_total_pct
Central_Asia,27.5,5.1,6.1,4.8,2.1,4.8,0.2,5.3,0.5,9.2,0.3,0.4,0.4,0,6.1,0.2,0.4,1.8,4,44.3,3.9,60999,75492,10.9
Armenia,31.9,12.8,5.2,4.6,1.3,8.2,0.2,9,1,5.1,0.3,1.3,0.8,-0.2,2.2,0.3,0.7,1.1,6.3,35.7,4.2,3037,3644,9.8
Azerbaijan,23.9,8,3.2,5.4,0.7,4.9,0.2,7.2,0.4,7.3,0.4,0.6,0.7,-0.1,2.4,0.2,0.6,1,5,49.1,2.9,7590,8630,8.6
Baku,31.5,5.4,2.7,4.9,0.5,3.6,0.2,5.5,0.2,6.7,0.3,0.4,0.5,-0.1,2.3,0.1,0.4,0.9,4.2,58.5,2.6,-,-,7.6
Georgia,17.8,8.4,5.7,3.3,2.1,5.2,0.2,7.4,0.8,8.3,0.2,1,0.6,-0.1,2.8,0.4,1.4,2.2,6.6,38.2,5.1,3162,3543,9.0
Kazakhstan,19,4.5,5.3,5,3,6,0.2,5.1,0.4,3.8,0.7,0.4,0.3,0,4.3,0.3,1,3.8,5.7,43.2,7,9606,10602,10.3
Shymkent,38.1,3.4,4.3,4.8,2.4,3.9,0.2,4.9,0.6,6.5,0.9,0.4,0.3,0.1,6.4,0.4,0.3,1.5,5.3,48.8,4.7,-,-,9.1
Kyrgyzstan,22.9,3.9,7.4,4.2,2.7,5.1,0.2,6.6,0.6,10.7,0.2,0.3,0.2,-0.1,7.8,0.1,0.2,1.4,2.9,41.7,4.1,2378,3228,11.6
Mongolia,36.7,13.1,10.5,4.7,5.3,4.7,0.7,3.7,2.8,8.6,-1.2,0.8,1.3,0.2,3,0.4,0.8,10.4,6.2,17.8,6.3,1989,2885,15.2
Ulaanbaatar,81.4,13.5,12.8,4.7,5.9,4.9,0.7,3.5,3.1,8.9,-1.3,0.7,1.3,0.2,3.4,0.4,0.7,8.2,6.4,15,6.8,-,-,17.5
Tajikistan,35.9,3.6,6.2,4.3,1.3,3.4,0.1,4.5,0.5,24,0.1,0.1,0.3,-0.1,7.1,0.2,0,0.5,2.5,37.9,3.5,4459,7288,10.5
Turkmenistan,25.5,4.2,2.3,4.3,0.4,3.7,0.1,5.1,0.1,2,0.2,0.3,0.2,-0.1,2.1,0.1,0.2,0.9,2.3,70.2,1.3,3462,3728,6.6
Uzbekistan,32.5,3.6,7.1,5,2.2,4.7,0.2,4.8,0.4,8.1,0.4,0.3,0.3,0,8.5,0.3,0.2,1,3.4,46.5,3.2,25316,31945,12.1
Bukhara,26.6,2.8,4.5,5.4,0.7,2.8,0.1,3.5,0.1,2.2,0.2,0.2,0.2,-0.1,4.6,0.1,0.2,1,2.6,67.3,1.7,-,-,9.9
Tashkent,50.8,3.6,6.9,5,4.3,7.2,0.2,5.6,0.4,6.2,0.6,0.3,0.3,0.2,11.2,0.4,0.3,1.1,4.2,38.2,4,-,-,11.9
Central_Europe,20.5,18.6,10.7,5.7,1.7,4.8,0.7,7.7,3.6,15.8,0.5,1.6,2.1,-0.1,1.5,1.1,1,0.8,6.9,8.4,6.8,92306,100703,16.4
Albania,19.8,12.8,11.6,2.5,1.4,4.2,0.9,6.6,0.9,10.4,0.6,2.6,1.4,-0.2,2.8,1.5,2,2.1,7.1,20.7,8.3,1580,1774,14.1
Bosnia_and_Herzegovina,29.8,16,17.8,4.2,1.1,3.5,0.6,6.6,2.4,15,0.4,1.4,1.2,-0.2,2.4,0.9,1.3,1.7,4.9,11.4,7.5,3666,4710,22.0
Bulgaria,19.7,12.7,13.6,3.4,1.3,5.7,0.5,6.1,1.8,15.5,0.3,1.2,1.1,-0.2,2,0.6,3,1.2,8,14,8.2,9265,9724,17.0
Croatia,18,15.4,8.6,5,1,5.1,1,9.8,1.7,23.1,0.7,1.3,2.1,-0.3,1,1.4,1,1.3,5.3,8.9,6.5,3024,3134,13.6
Czech_Republic,16.8,23.3,7.9,7.8,1.9,5.6,0.9,8.8,4.2,16.7,0.6,1.7,2.1,-0.1,0.5,1.2,0.2,0.5,5.4,5,6,6263,6572,15.7
Hungary,16.5,16.1,8.2,7.4,1.4,4.9,0.7,8.8,3,21.8,0.8,1.4,2.2,-0.2,0.9,0.8,0.5,0.6,6.8,7.7,6.2,7200,7529,15.6
Budapest,19.5,14.8,7.4,7.4,1.4,4.9,0.7,8.3,3.2,25.6,0.8,1.5,2.2,-0.1,0.8,0.8,0.4,0.5,6.3,7.1,5.9,-,-,14.8
Macedonia,31.6,13.2,18.4,2.4,1,4,0.4,4.6,1.4,12.7,0.3,2.1,0.8,-0.2,2.7,0.7,1.9,1.6,8.6,15.1,8,2845,3380,20.8
Montenegro,21.6,10.5,14.5,2.6,0.8,3,0.5,5,1.6,12.9,0.3,1.6,0.9,-0.2,3.6,0.9,2.7,3.8,6.5,20.4,8.2,599,652,17.1
Poland,22.7,24.6,8,6.9,2.1,4.8,0.8,8.5,5.7,12.2,0.5,1.7,3,-0.1,0.9,1.5,0.2,0.4,7,4.5,6.5,27725,31196,14.9
Warsaw,24.3,24.7,7.4,5.3,2.5,4.6,0.7,8.8,7.1,12.4,0.5,1.8,3.5,0,1,1.3,0.2,0.4,7.4,4.1,6.3,-,-,12.7
Romania,15.9,12.8,11.2,4.8,1.4,4.9,0.6,6.8,1.8,21.7,0.5,0.9,1.4,-0.2,1.8,0.6,2,0.7,8.1,11.3,6.8,14936,14974,16.0
Serbia,26.5,10.9,19.7,3.1,1.1,3.7,0.4,5,2.5,16.4,0.4,1.9,1,-0.1,3.9,0.5,2,1.1,6.2,12.6,7.7,10974,12615,22.8
Belgrade,25.7,10.6,26.3,3.2,1.3,3.9,0.3,4.5,2.7,15.4,0.4,1.3,0.9,-0.1,3.7,0.4,2.4,0.6,5.1,9,8,-,-,29.5
Slovakia,18.4,20.1,7.7,7.8,2,5.2,0.7,8.3,3.8,16.4,0.7,1.6,2.3,-0.2,0.8,0.8,0.4,0.7,7.6,7.1,6.4,3420,3586,15.5
Slovenia,16.9,17.4,5,6,0.9,6.6,1.2,12.6,0.9,22,0.9,1.3,2.5,-0.3,0.5,1.5,0.4,1.4,5.2,8,6,808,857,11
Eastern_Europe,11.8,11.5,7.4,8.8,1.3,5.5,0.6,6,1.4,8.4,0.6,1.4,1.3,-0.2,3.2,0.6,2.3,3.2,14.6,12.7,9.6,123227,117852,16.2
Belarus,16.3,21.2,6.7,10.7,2.7,4.4,1.1,8.3,3.2,8.2,0.6,1.8,2.7,-0.3,1.5,1,0.7,0.7,9.9,6.7,8.3,8681,8560,17.4
Gomel,20.9,19.2,8,8.4,2.3,5,1,7.8,2.6,7.4,0.6,1.6,2.3,-0.4,1.9,0.8,1.4,1.1,11.5,8.5,9,-,-,16.4
Estonia,5.7,12.5,2.9,14.2,0.8,6.7,0.8,5.7,1.6,16.8,0.1,1.5,2.1,-0.2,1.1,1.7,0.2,0.7,11.3,9.3,10.3,136,98,17.1
Latvia,11.7,15.3,3.8,12.9,1,5.4,1.1,7.1,2.1,17.1,0.5,2.5,2.4,-0.3,1.7,1.7,0.3,0.6,8.1,7.8,8.9,1100,1023,16.7
Lithuania,10.2,18.8,4.7,17.6,1.3,4.1,1.1,8,2.7,12.3,0.5,1.6,2.1,-0.3,1.4,1.6,0.4,0.5,7.5,5.8,8.4,1274,1168,22.3
Kaunas,12,17.3,4.6,24.5,1.3,3.7,0.9,7.5,2.7,11.7,0.4,1.5,1.9,-0.2,1.4,1.3,0.4,0.4,6.9,4.7,7.1,-,-,29.1
Moldova,13.1,14.2,9.8,5.6,1.6,3.9,0.7,7.3,2.3,16.3,0.5,1.1,1.7,-0.4,2.8,0.7,2.7,0.8,11.8,9.4,7.2,2074,2024,15.4
Russian_Federation,10.9,9,6.2,8.7,1,6.2,0.5,5.4,0.8,7.9,0.6,1.4,0.9,-0.1,3.6,0.4,2.1,4.5,15.9,14.5,10.4,68482,64298,14.9
Saint_Petersburg,8.2,9.2,3.3,13.8,0.8,9.3,0.8,6.6,0.9,14.5,1,2.6,1.6,0,4.2,0.7,0.2,0.6,15.5,6.9,7.5,-,-,17.1
Astrakhan,12.1,4.4,5.6,5,0.8,3.2,0.2,3,0.4,2.9,0.2,0.5,0.4,-0.1,1.5,0.1,1.5,3.2,7.2,55.3,4.7,-,-,10.6
Moscow,13.8,7.8,5.2,12.2,0.4,9.6,0.3,4.6,0.6,15.3,1.4,3,1.3,0.1,4,0.4,0.4,0.4,18.8,5.8,8.3,-,-,17.4
Tyumen,13.4,9.9,4.7,8.7,0.9,7.2,0.3,6.1,0.3,5.3,0.8,1,0.5,-0.1,5,0.1,1.5,5.8,19.3,9.5,13.2,-,-,13.4
Berezniki,13.9,9.6,5.4,9.1,0.6,6.1,0.3,5.5,0.3,6.2,0.8,1.1,0.6,-0.1,3.5,0.1,0.9,4.7,17.4,13.7,14.1,-,-,14.5
Dzerzhinsk,11.6,10.7,5.5,7.5,0.5,4.9,0.7,7.3,0.8,10.7,1,1.9,1.4,-0.2,4.2,0.9,1,0.9,17.5,11,11.7,-,-,13.0
Ukraine,14,14.8,10.5,8,1.7,4,0.6,6.6,2.2,8.4,0.6,1,1.7,-0.3,2.8,0.7,3.3,0.8,13.5,10.7,8.4,41480,40682,18.5
Nikolaev,14.2,13.5,10.8,8.3,1.6,3.9,0.8,5.9,1.6,7.8,0.5,0.9,1.4,-0.3,3,1,4.9,0.8,13,12.1,8.7,-,-,19.1
Rovno,19.9,19.5,8.4,5.8,2.1,4.2,0.7,8.6,3.8,9.5,0.6,1.4,2.3,-0.4,2.2,0.8,1.1,0.6,12.6,8.6,7.6,-,-,14.2
Australasia,6.9,9.3,7,1.1,1.2,6.2,0.4,4.3,0,2.5,0.1,0.3,0.9,0,0.4,3.2,1.1,10.8,2.6,15.1,33.6,2147,2090,8.1
Australia,7,8.8,8.1,1.1,1,6.6,0.4,4,0,2.7,0.1,0.2,0.8,0,0.4,3,1.3,12.1,2.9,16.6,30,1802,1757,9.2
Sydney,7.6,12.6,14.4,1.6,1,7.6,0.3,3.7,0,3.3,0.1,0.3,0.9,0,0.7,1.7,0.5,9.1,2.4,15.3,24.5,-,-,16.0
New_Zealand,6.6,12.5,0.7,1,2.9,3.8,0.3,6.5,0.1,1.6,0,0.4,1.4,-0.1,0.3,4.2,0.2,2.9,1,5.8,54.5,346,333,1.7
Auckland,6.5,10.5,0.6,1.6,2.8,4.4,0.3,6,0.1,1.9,0,0.4,1.4,-0.1,0.4,4.2,0.1,1.9,0.8,5.5,57.3,-,-,2.2
High_income_Asia_Pacific,17.3,18.6,5.3,6,7.3,8.4,1.5,8.9,3.1,6.9,-0.6,1.6,1.5,0.2,4.2,1.6,0.9,1.9,9.5,6.6,6.8,59889,67774,11.3
Brunei,7.6,2.9,4,4.2,1.5,3.4,0.6,12.5,0.6,10.5,-0.4,1,0.8,0.4,3.4,2.7,0.6,4,11.9,1,34.4,35,33,8.2
Japan,13.5,19.5,4,6.3,6.1,7.8,1.7,8,3,6.7,-1,1.4,1.4,0.4,3.7,2.1,1.1,2.4,9.5,7.9,8.2,38942,42858,10.3
Tokyo,15.1,20.4,3.1,6.8,5.2,8.9,1.5,8.3,2.1,4.9,-0.5,1.5,1.3,0.8,2.7,2.4,1.1,2.1,11.7,6.3,9.5,-,-,9.9
Osaka,15.1,19,4.2,6.3,6.6,8.8,1.7,7.9,3,7.1,-0.9,1.4,1.3,0.3,4.5,1.9,1.1,2.3,7.8,8,7.8,-,-,10.5
Fukuoka,17.7,18.1,5.1,5.5,7.6,7.1,1.9,7.1,4.1,8.5,-1.4,1.3,1.3,-0.1,5.3,2.5,0.7,1.4,8.5,9.5,6.1,-,-,10.6
Okayama,13.3,20.5,4.7,6.7,7,6.9,1.7,8.3,3.2,7.3,-1,1.2,1.3,0,4.3,1.5,1.2,2.4,7.8,8.5,6.6,-,-,11.4
Yamaguchi,12.6,18.2,5,5.9,7.5,7.3,1.6,7.4,3.8,8.4,-1.3,1.2,1.3,-0.1,5.2,1.7,0.8,1.8,8.6,9.6,6,-,-,10.9
South_Korea,26.6,18.5,6.1,5.4,9.2,9.4,1.4,9.3,3.4,6.8,-0.2,1.9,1.9,0.1,4.7,1,0.6,1.2,9.6,5.5,4.4,19685,23414,11.5
Seoul,27.4,17.5,6,5.3,9.7,9.8,1.2,9,3.3,6.6,-0.1,2,1.9,0.1,4.8,0.8,0.6,1.1,11,4.8,4.3,-,-,11.3
Busan,24.3,18.9,5.6,5.7,8.4,10.9,1.7,8.9,3.4,7.1,-0.4,1.7,1.8,0,4.9,1.4,0.7,1.3,7,6.6,4.5,-,-,11.3
Cheonan,28.6,19.3,6.5,5.6,8.9,9.1,1.3,9.7,3.2,6.4,0.1,2,2,0.2,4.2,1,0.6,1.1,9.2,5,4.6,-,-,12.1
Gwangju,27,19.8,6.3,5.6,8.9,8.5,1.5,10.8,3.4,7,-0.5,1.5,1.7,-0.1,4.3,1.4,0.6,1.1,7.3,6,4.7,-,-,11.9
Jinju,27.7,19.7,6.1,5.4,8.7,7.8,1.6,10.7,3.6,7.2,-0.5,1.7,1.8,-0.1,4.4,1.2,0.7,1.4,7.4,6.7,4.5,-,-,11.5
Pyongyang,52.9,16.4,5.8,5,15.1,8,1.2,7.6,3.4,7.5,-1,1,1.4,0,6.8,0.5,0.6,1,10.9,4.8,4,-,-,10.8
Singapore,18.5,4.2,16.9,9.3,1.5,3.5,0.2,18.3,0.4,12.1,-0.2,0.3,0.3,0.1,5.9,3.1,0.1,2.6,7.1,0.4,13.8,1226,1469,26.2
High_income_North_America,7.8,10.2,6.6,5.1,2,9.1,3.2,11.7,0.3,7.5,1.4,2.3,5.7,0.1,2.9,1.5,1.2,12.2,2.7,2.2,11.9,50594,49670,11.7
Canada,7.3,12,3.1,7.5,0.6,10.2,2.2,7.6,0.8,14,0.1,0.8,4.3,0.1,1.3,2.3,0.4,18.5,3.1,0.9,10.4,3686,3632,10.6
Montreal,9.1,10.9,1.6,8.7,0.7,13.8,1.8,7.4,0.8,22.7,0,1,5.2,0.1,1.3,3.4,0.3,7.2,2.6,0.5,10.1,-,-,10.3
Victoria,6.3,6.5,0.6,5.8,0.7,12.3,2.9,7.2,0.5,14.6,2,1.6,5.6,0.1,2.2,1.5,0.2,19,4.1,1.5,11,-,-,6.4
Greenland,5.3,13.1,4,2.3,0.8,2.5,2.1,7.6,6.1,2.2,-6.1,0.6,1.8,-0.2,1,9.4,0.7,19.6,2.7,8.9,21,3,3,6.3
United_States,7.8,10,7,4.9,2.1,9,3.3,12.1,0.2,6.8,1.5,2.4,5.9,0.1,3.1,1.4,1.3,11.6,2.7,2.4,12.1,46904,46035,11.9
Raleigh,7.6,11.7,13,4.6,2,6.5,3.6,14,0.1,6,1.4,2.8,6.1,0,3.7,1.1,0.6,6,2.1,0.6,14.2,-,-,17.6
New_York,7.7,6.4,4.2,4.4,2.4,15.9,2.8,10.5,0.3,13.6,2.9,4.5,9.1,0.4,3.4,1.3,0.2,4.8,2.9,0.4,9.6,-,-,8.6
Philadelphia,8.6,10.5,5.8,6.3,1.9,11.2,3.3,11.7,0.3,10.2,2.2,3.4,7.8,0.4,3.8,1.3,0.2,5.2,3.9,0.4,10.1,-,-,12.1
Houston,9.9,6.9,7.7,10.4,2,8.1,2.8,11.8,0.1,7,0.7,2.5,5.1,-0.1,3.2,2.6,1.2,5.3,1.3,1.1,20,-,-,18.1
Minneapolis,7.4,13.3,8.1,5.7,1.4,7.1,5.4,14.6,0.6,5.3,0.9,2.1,4,0,2.2,0.6,0.6,13.9,3.5,0.9,9.8,-,-,13.8
Portland,8,10.5,1.6,1.6,2.1,13,2.8,10.1,0.3,5.6,1.9,2.2,4.1,0,3.3,1.2,0.5,24.2,2,1.4,11.5,-,-,3.2
Los_Angeles,10.6,3.4,1.2,3.2,3.9,18.3,1.4,8.6,0.1,14.8,2.5,4.8,11.2,0.4,4.8,0.7,1.2,8.7,4.6,3.8,2.3,-,-,4.4
Cleveland,8.8,14.8,8.6,5.7,1.7,8,4,11.7,0.4,6,1.6,1.8,5.4,0.1,2.7,3.4,0.3,9.7,2.6,0.6,11.1,-,-,14.3
Chicago,9,12.3,7.9,5.8,2,10.7,4.9,12.6,0.4,6.9,1.6,2.5,5.8,0.2,2.5,1.9,0.6,7.8,2.5,0.6,10.5,-,-,13.7
Springfield,6.5,8.3,3.9,4,1.5,10.2,2.9,12.8,0.5,9.8,2.1,2.7,7.9,0.1,3.8,1.1,0.2,8.9,4.4,0.7,13.7,-,-,7.9
Gainesville,6.5,5.9,7.4,3.5,1.8,6.8,3.1,11.9,0,5,0.7,1.9,5.2,-0.2,3.2,2.3,1.4,12.6,2.6,1.1,23.8,-,-,10.9
Killeen,7.4,11.7,8.9,7.1,2.1,6.5,3.2,15.3,0.1,5.7,0.2,2,4.8,-0.1,3,1.1,0.9,6,3.3,1.7,16.5,-,-,16.0
Modesto,12.1,11.3,1,2.6,4.2,10.3,1.9,8.5,0.2,5.2,2,2.6,5.8,0.2,3.5,1.2,3.3,25.9,2.8,1.3,6.4,-,-,3.6
Southern_Latin_America,15.3,5.8,2.7,3.1,0.3,11.6,0.3,7.7,0,7.6,0.3,0.6,2.2,0,2.6,0.7,1.3,19.4,4.5,9,20.2,18377,20581,5.8
Argentina,13,5.7,1.6,3.7,0.2,11.1,0.4,9,0,5,0.4,0.5,2.9,0,2.8,0.8,0.9,12.9,4.5,13.2,24.4,12197,13619,5.3
Buenos_Aires,11.5,8.2,1.2,5.5,0.2,17.7,0.4,10.5,0,5.6,0.6,0.7,4.6,0,3.3,1.7,0.4,6,5.4,8.5,19.7,-,-,6.7
Cordoba,13.9,3,1.5,2.5,0.2,6.8,0.2,10.2,0,3.5,0.2,0.4,2.1,0,2.9,0.2,1.1,16.8,4.3,13.6,30.5,-,-,4.0
Chile,21.9,5.8,4.5,2.1,0.2,11.7,0.3,5.6,0,11.4,0.2,0.7,1.1,0,2.5,0.5,2.1,30,4.3,3.2,14.1,5409,6199,6.6
Santiago,28.9,4.6,4.7,2.6,0.3,16.8,0.1,5.7,0,15,0.2,0.9,1.5,-0.1,3,0.4,2,27.5,5.4,2.5,6.9,-,-,7.3
Uruguay,9.8,7.5,1.7,5.6,0.4,18.3,0.3,10,0,5.8,0.4,0.5,3.6,-0.1,2.2,1.9,0.4,7,5.6,7.2,21.6,772,763,7.3
Western_Europe,11.7,21.7,3.7,6.3,1.1,7.1,1.5,10.4,1,9.9,1,2,2.3,-0.1,0.9,4.5,0.4,1.5,5.1,10.1,9.4,114536,118698,10.0
Andorra,8.8,16.3,2.6,4.1,0.7,6.7,1.5,11.6,0.5,8,1.1,1.8,2.3,-0.5,0.8,3.8,0.9,4.3,6.2,15.4,11.9,10,10,6.7
Austria,12.1,20.7,5.1,8.4,1.5,8.2,1.1,12,1.8,15,1.1,2,2.5,-0.3,0.5,1.3,0.2,0.6,5.6,6.8,6.2,2358,2368,13.5
Vienna,14.5,19.9,5.8,8,1.4,8.1,0.9,10.2,2.5,18.6,0.9,1.7,2.8,-0.1,0.5,1.1,0.3,0.5,5.6,5.5,5.9,-,-,13.8
Belgium,12.8,29.2,2.4,9.1,1.3,8.1,1.5,9.6,0.9,7.2,1.1,2.1,2.1,0.3,0.4,5,0.1,0.6,5,4.9,8.8,3458,3717,11.5
Antwerp,14.1,28.4,2.7,11.8,1.2,7.7,1.5,9.2,0.9,6.8,0.9,2.1,2.2,0.4,0.4,4.9,0.1,0.6,5,4.9,8.5,-,-,14.5
Cyprus,15.2,7.8,16.6,3.3,2.3,4.4,0.5,5.4,0.9,2.4,0.4,1.3,0.7,-0.2,1.6,1.4,0.5,0.3,6.6,35.8,8.1,378,392,19.9
Denmark,10.2,26.1,3.2,7.1,0.8,5.7,2.3,8.4,1.3,9.4,0.5,1.5,2.5,0,0.5,8.5,0.1,0.6,4.4,5.7,11.4,1348,1403,10.3
Finland,5.2,11.8,2.4,9.8,1,9.8,0.7,5.4,1.4,14.1,0.1,1.7,3.7,-0.2,0.9,1.8,0.1,0.9,12.1,12,10.5,280,254,12.2
France,11.6,21.4,1.8,5,1.2,7.2,1.4,11.8,0.7,12.5,1.4,2.5,2.6,-0.1,0.7,5.1,0.5,1.5,5.5,7.5,9.8,13251,13733,6.8
Paris,14,18.7,1.3,4.2,1.6,9.4,1.1,9.9,0.6,20.5,1.7,3.3,3.2,0.1,0.7,3.6,0.1,0.6,5.2,5.5,8.5,-,-,5.5
Le_Mans,13.6,25.5,1.4,4.2,0.9,5.5,2,12.4,0.7,8.6,1.2,2.1,2.7,-0.2,0.6,6.8,0.1,0.9,5.1,8.7,10.8,-,-,5.6
Germany,11.9,28.5,4.9,7.9,1.7,8.7,1.5,10.7,1.2,8.1,1,2.8,1.4,0,0.3,3.7,0.1,0.6,4.6,4.6,7.6,26869,27266,12.8
Berlin,16,29.7,5.3,6.5,1.8,9.3,1.7,9.5,1.8,8.2,0.8,2.6,1.4,0,0.4,4.4,0.1,0.5,4.4,4.2,7.5,-,-,11.8
Halle,14.6,28.7,5.9,8.6,1.7,8.2,1.6,11.3,1.4,7.7,1,2.6,1.3,0,0.3,2.8,0.1,0.5,4.6,4.6,7.2,-,-,14.5
Oldenburg,13.2,33.3,3.7,7.8,1.1,6,1.7,8.5,1.1,4.8,0.6,1.7,1.4,0.3,0.3,11.6,0.1,0.6,3.2,3.7,8.6,-,-,11.5
Greece,14.6,9.8,14.7,3.3,1.4,5.1,1.1,5.6,1.1,8,0.6,1,0.9,-0.2,1.2,1.6,1.7,1.4,6.4,25.2,10.2,5592,5806,18.0
Thessaloniki,15.9,13.8,16.5,3.4,1.2,4.8,0.8,6.1,1.2,9.3,0.6,1.1,0.9,-0.2,1.4,1,2,4.1,8.8,14.4,8.9,-,-,19.9
Iceland,5.6,13.6,0.3,0.7,0.5,6,0.3,1.6,1.7,1.1,-1.4,0.2,2.4,0,0.2,7.7,0.1,2.2,2.4,20.7,39.5,14,13,1.0
Ireland,7.7,25.6,1.4,2.7,0.4,3.8,1.3,6.2,2.9,1.9,0.2,1.2,1.3,-0.1,0.3,16.5,0.1,1,2.1,11.5,19.8,496,499,4.1
Israel,19.7,9.9,10.2,9.7,1.1,4.5,0.3,7.1,0.4,1.7,0.2,0.5,0.3,-0.2,3.8,1.2,0.3,0.1,5.2,38.1,5.5,2161,2436,19.9
Tel_Aviv,21.6,9.9,10.6,9.6,1.1,4.6,0.4,7.2,0.4,1.7,0.2,0.6,0.3,-0.2,3.9,1.2,0.3,0.1,5.3,37.1,5.8,-,-,20.2
Italy,15.6,18.4,3.7,5,0.6,4.9,1.6,12.8,0.5,16.7,1.4,1.3,3,-0.3,1,2.9,0.9,1.6,4.8,10.7,8.4,24366,25517,8.7
Palermo,15,5.7,5,3.3,0.7,3.7,1.2,7,0.6,9.7,0.7,0.7,1.3,-0.4,1.2,4,1.2,1.6,5.7,28.1,18.8,-,-,8.3
Milan,23.4,21.6,1.9,4.5,0.5,5.5,1.3,14.3,0.3,23,2,2,4.7,-0.1,0.8,1.8,0.5,2.1,4.1,4,5.1,-,-,6.4
Luxembourg,9.9,29,2.9,6,1.8,8.8,1.4,13.3,0.8,6.7,1.3,2.2,1.9,0.1,0.4,3.2,0.1,0.6,5.9,5.7,8,85,85,8.9
Malta,12.4,5.8,4.3,2.7,0.5,2.8,0.8,5.7,0.3,5.3,0.7,0.6,0.8,-0.3,1,6.4,1.2,1.3,4.6,39.1,16.4,135,138,7.0
Netherlands,12.4,29.3,3.2,7.6,1.2,7.6,1.8,10.6,1.1,6.2,0.8,2.1,2.4,0.3,0.4,5.4,0.1,0.6,4.9,5.1,9.5,4574,4847,10.8
Zwolle,11.8,31.5,3.5,6.8,1.1,7,1.9,10.7,1.2,5.4,0.7,1.9,2.1,0.3,0.3,6.1,0.1,0.6,4.5,4.5,9.7,-,-,10.3
Norway,6.5,10.2,1.6,5,1,8.3,1.1,4.4,1.4,10,-0.6,1.3,2.3,-0.1,0.6,5.3,0.2,1.4,10.6,18,18,384,385,6.6
Portugal,8.6,14.2,1.8,3.8,0.2,7.1,0.7,6.8,0.3,6.7,0.2,0.7,1.5,0,0.7,12.6,0.7,15.9,5.6,8.6,11.9,2202,2202,5.6
Spain,9.9,13.5,2.7,4.9,0.5,9.5,2,9.4,0.4,8,1,1.6,2.7,-0.2,0.9,6.4,0.5,3.7,5,16.9,10.5,9026,9163,7.6
Madrid,10.1,9.9,2.1,4.3,0.8,16.5,1.2,9.5,0.5,14.3,1.6,2.6,4.2,0.1,0.7,3.5,0.3,2.8,4.4,13,7.8,-,-,6.4
Toledo,8.5,14.8,8.1,6.1,1.5,8.1,4.9,12.4,0.4,6.1,1.4,1.9,5.1,0.1,2.6,2.6,0.4,9.5,2.7,0.6,10.5,-,-,14.2
Sweden,5.7,16.2,2.4,10,0.8,8.8,1.4,6.5,1.5,10.2,0,1.5,2.6,-0.2,0.8,4.4,0.1,1.1,9.2,10.5,12.1,614,583,12.4
Switzerland,10.2,20.1,2.4,6.9,1.5,8.2,1.3,14.7,0.6,11.8,2.2,5.2,2.5,-0.4,0.7,1.8,0.2,0.9,5.8,6.2,7.1,1398,1404,9.3
Lausanne,12.3,19.2,2.2,10.7,1.3,7.5,1.2,14.2,0.5,10.6,2.1,4.7,2.5,-0.4,0.7,2.1,0.2,0.8,5.5,6.7,7.6,-,-,12.9
United_Kingdom,10.5,26.6,1.8,6.8,1.1,6.8,1.7,8.9,2.4,5.6,0.7,1.9,2.8,0,1.5,6.1,0.1,0.7,4.3,8.2,11.9,15518,16453,8.6
Sheffield,11.6,27.5,2.2,8.6,1.3,7,1.4,8.4,2.9,5.7,0.7,2,2.8,0.1,1.6,4.8,0.1,0.7,4.1,7.7,10.6,-,-,10.8
London,13,25.3,1.6,6.1,1.2,8.2,1.6,9.6,2.5,7.5,0.9,2.3,3.2,0.1,2,4.9,0.1,0.7,5,6.6,10.5,-,-,7.7
Manchester,11,26.8,1.8,7.7,1.2,6.3,1.5,8.3,2.8,5.2,0.5,1.9,2.6,0,1.4,5.9,0.1,0.7,4.4,8.9,12,-,-,9.5
Monaco,11.4,23.5,2.3,4.2,0.7,5.1,1.2,12.5,0.4,14.6,1.3,1.6,2.7,-0.2,1,9.2,0.5,1.8,4.3,5.9,7.3,15,15,6.5
San_Marino,9.8,20.6,4.4,5,0.7,5.2,2.3,12.3,0.8,13.6,1.1,1.1,2.4,-0.4,1,3.9,0.7,1,5.2,11.3,7.7,5,5,9.4
Andean_Latin_America,25.9,7.5,0.4,3.5,0.4,22.5,0.1,8.2,0,6.4,0.1,0.5,0.5,-0.1,3.7,1,0.3,14.2,2.9,6.1,21.7,15247,21966,3.9
Bolivia,26,2.5,0.4,0.5,0.1,12.7,0,3.1,0,2.1,0.1,0.1,1.1,0,1.2,0,0.5,37.1,3,7.8,27.8,3393,5522,0.9
Cochabamba,26.2,1.7,0.3,0.4,0,11.4,0,2.8,0,1.9,0.1,0,1.2,0,1,0,0.5,41.2,3,5.7,28.8,-,-,0.7
Ecuador,18.8,8.7,0.1,11.8,0.2,8.8,0.2,17.9,0,4.1,0.2,1.2,0.2,0,4.8,1.9,0.5,7.4,3.7,8.6,19.7,3853,4518,11.9
Quito,17.6,8.6,0,12.7,0.2,8,0.6,18.7,0,3.9,0.2,1.3,0.2,0,4.8,1.6,0.4,6.5,4.1,10.8,17.5,-,-,12.7
Peru,29.6,8.7,0.5,1.7,0.5,30.1,0.1,6.5,0,8.5,0,0.4,0.4,-0.1,4.1,0.9,0.2,9.4,2.6,4.7,20.6,8000,11927,2.2
Caribbean,16.5,2.8,1.5,9.7,0.4,9.1,0.4,5.5,0.5,15.1,-0.4,0.4,0.6,-0.1,5.4,4.9,1,2.6,1.7,10.8,28.1,14258,19138,11.2
Antigua_and_Barbuda,16.2,1.2,0.7,3.6,-0.1,1.5,0.1,5.5,1.9,14.5,-1.6,0.3,0.2,0,2.6,2.4,0,3.4,1.3,13.1,49.5,28,29,4.3
The_Bahamas,13.9,1.4,2.5,6.1,1,5.1,1,6.3,0.6,4.8,-0.4,0.8,2.5,-0.1,2.4,12.2,0.9,4.1,1.5,4.9,42.4,84,86,8.6
Barbados,19.6,0.1,0,0.5,0,0.2,0,0.8,0,0.9,0,0.1,0.1,0,0.4,1.5,0.2,1.6,0.5,72.4,20.6,155,172,0.5
Belize,19.3,1.5,0.8,5.2,0.5,4.1,0.3,6.3,0.5,6.6,-0.3,0.5,0.7,0,2.8,5.6,1.6,16.9,2,2.4,42.1,76,100,6.0
Bermuda,7,0.8,3.3,2.7,0.8,3.3,1.1,5.9,0.1,4,0,0.6,3,0,1.4,8.9,-0.5,4.6,1.5,4.7,53.8,8,7,6.0
Cuba,17.5,2.2,1.2,9.9,0.5,19.7,0.6,5.7,0.4,5.1,-0.2,0.5,1.5,-0.2,3.5,7.1,3,3.7,2.5,3.5,29.7,5918,6639,11.1
Holguin,15.5,2.7,0.9,16.7,0.3,11.6,0.4,4.8,0.5,7.4,-0.5,0.3,1,-0.1,3.9,7.4,1.2,2.4,2.1,4.7,32.2,-,-,17.6
Dominica,16.8,1.3,0.9,3.8,-0.1,1.7,0.1,5.7,1.8,15.6,-1.7,0.2,0.1,0,2.8,1.9,0.3,2.7,1.2,11.8,49.9,29,33,4.7
Dominican_Republic,16.8,4.1,2.2,9.6,0.5,7.8,0.6,6.5,0.8,13,-0.7,0.2,0.4,-0.1,7.3,4.6,0,1.9,1.6,6,33.6,3453,3951,11.8
Grenada,19.4,0.1,0,0.5,0,0.2,0,1,0,1,0,0.1,0.1,0,0.4,1.8,0.2,1.8,0.5,70.8,21.5,47,54,0.5
Guyana,20.5,0.1,0,0.6,0,0.4,0.1,0.8,0,1.7,0,0.1,0.2,0,1.1,1,0.6,4.3,0.8,68.3,19.8,402,472,0.6
Haiti,17.8,3.2,1.8,13,0.3,4,0.4,5.6,0.5,34,-0.4,0.4,0.3,0,8.1,3.5,0.2,1.3,1.3,3.2,19.3,1504,4860,14.8
Jamaica,15.2,2.6,1,15.3,0.4,7.1,0.2,8.1,0.6,14.4,-0.7,1.6,0.3,-0.1,4.5,6.3,0.3,1.8,1.5,4.4,30.3,893,967,16.3
Puerto_Rico,7,2.4,0.6,3,-0.2,2.1,0.1,4.5,1.8,10.8,-1.6,0.1,0.2,0,3.3,4.3,-0.3,3.4,1.2,11.8,52.4,430,415,3.6
Saint_Lucia,19.4,0.1,0.1,0.8,0,0.3,0.1,1,0,0.9,0,0.1,0.1,0,0.5,1.5,0.2,1.4,0.5,69.8,22.6,71,81,0.9
Saint_Vincent_and_the_Grenadines,19.4,0.1,0,0.7,0,0.3,0.1,1,0,0.9,0,0.1,0.1,0,0.5,1.6,0.2,1.5,0.5,70.1,22.3,57,65,0.7
Suriname,21.9,0,0,0.6,0,0.4,0.1,0.8,0,1.5,0,0.1,0.2,0,0.5,0.8,0.4,4.9,0.6,70.9,18.3,253,302,0.6
Trinidad_and_Tobago,19.5,0.1,0,0.7,0,0.3,0,1.4,0,1.1,0,0.1,0.1,0,1.4,1.7,0.4,3.4,0.6,69.5,19.1,813,870,0.7
Virgin_Islands_US,8.8,1,0.6,3.3,-0.2,1.5,0.1,4.9,1.9,11.9,-1.6,0.1,0.2,0,2.6,3.8,-0.2,3.5,1.3,12.5,52.7,30,28,3.9
Saint_Kitts_and_Nevis,8.4,1.4,0.7,3.7,-0.1,1.6,0.1,5.5,1.8,13.9,-1.6,0.2,0.2,0,2.9,2.7,0,3.4,1.3,12.8,49.4,8,8,4.4
Central_Latin_America,20.8,5.8,2.3,8.5,2.4,7.1,0.3,9.8,0.1,15.4,0.1,0.4,1.2,-0.1,4.8,1.4,1.1,7.4,3.6,13.9,14.8,65630,85241,10.8
Colombia,21.3,2.7,1.2,3.4,7.9,9.1,0,9.1,0.3,11,0.1,0.1,0.7,0,3.6,1,0.3,6.4,4.2,23.2,15.8,11818,14390,4.6
Bogota,30.5,3.7,1.6,2.8,12.3,12.4,0,8.5,0.4,13.6,0.1,0,0.9,0,4,0.2,0.2,6.8,4.8,16.7,11.1,-,-,4.4
Valledupar,22.2,3.2,0.4,5.5,0.8,6.5,0,10.8,0.1,4,0.1,0.2,0.2,0,3,2.4,0.4,3.8,2.4,40.3,16,-,-,5.9
Costa_Rica,17.3,6.2,0.2,2.8,0.1,5.6,0.1,6.9,0,4.7,0,0.6,0.3,0,3.8,4.1,0.7,2.1,2,26.8,33,888,974,3.0
El_Salvador,22.6,5.6,2.7,11.2,0.1,4.3,0.1,6.5,0,29.2,0,0.9,0.1,0,6,1,0.6,3.9,2.1,10.7,15,1803,2502,13.9
San_Salvador,22.9,5.6,3,11.1,0.1,4.4,0,6.5,0,30.3,0,0.9,0.1,0,6.1,1,0.6,3.7,2.1,10,14.4,-,-,14.1
Guatemala,27.3,3.1,1.3,5.4,0.1,4.2,0,5.5,0.1,46.1,0,1.2,0.2,0,6.8,0.9,0.8,6.4,1.9,1.8,14.2,3338,7029,6.7
Guatemala_City,33.5,4.2,1.6,4.6,0.1,7.1,0,5,0.1,54.2,0,1.4,0.1,0,6.7,0.5,0.3,3.1,1.3,0.6,9.3,-,-,6.2
Honduras,22.3,4.3,0.8,8.8,0.4,4.8,0.1,7.8,0.2,23,-0.2,1.2,0.2,0,5.3,2.8,1.1,6.3,2.1,7.8,23.1,1581,3250,9.6
Mexico,20.1,8.5,3.6,12.4,1.6,8.1,0.5,12.3,0,14.6,0.2,0.3,2,-0.2,5.3,1.3,1.7,9.1,4.3,2.7,11.8,34259,43465,16.0
Culiacan,18.6,1.1,2.7,5,0.9,3.5,1,17.2,0,12.7,0.3,0,1.9,-0.1,4.3,1.6,3,13,3.5,9,19.7,-,-,7.7
Guadalajara,18.9,9.1,3.2,9.1,1.9,10.3,0.2,15.8,0,18.1,0.2,0.1,2,-0.3,4.7,0.3,1.4,11.7,3.5,0.5,8.2,-,-,12.3
Mexico_City,24.3,9.7,3,10.9,1.8,12.1,0.2,12.2,0,25.3,0.2,0.2,2.4,-0.3,7.3,0.4,0.9,3.2,4,0.2,6.2,-,-,13.9
Reynosa,20.2,5.6,6.4,11.7,1.6,5,2.6,12,0.1,7.1,0.4,1.4,3.2,-0.1,3.9,2.9,1.6,7,4.3,1.9,21.5,-,-,18.1
Tijuana,17.6,4.8,1.2,2.9,2.9,11.7,2,11,0.1,12.5,1.3,2.8,8.6,0.3,7,2,0.8,9.6,4.3,8.7,5.4,-,-,4.1
Nicaragua,19.1,5,0.3,7.1,0.1,2.1,0.2,5.5,0,11.5,0,0.6,0.3,0,3.2,2.6,0.5,3.1,1.5,25.5,30.8,863,1616,7.4
Leon,19.9,4.9,0.2,8.3,0.1,1.9,0.3,5.9,0,12.1,0,0.6,0.3,0,3.3,2.5,0.5,3.1,1.5,23.3,31.2,-,-,8.5
Panama,13.7,3.6,0.3,3.4,0.2,2.6,0,8,0,3.8,0,0.2,0.1,0,2.3,6.2,0.3,1.9,1.3,35,30.9,643,694,3.7
Venezuela,20.3,2.5,0.1,4,0.4,4.6,0,6.6,0,1.8,0.1,0.2,0.1,0,3.2,1.7,0.6,5.9,2.2,49.3,16.6,10436,11322,4.1
Caracas,19.4,3.2,0,4.3,0.2,5.1,0,4.9,0,1.5,0.1,0.2,0,0,3.4,1.9,0.5,5.3,2.3,50.7,16.3,-,-,4.3
Cabimas,21.6,3.1,0.1,5.4,0.3,5.9,0,10.7,0,2,0.1,0.2,0.1,0,3.5,2,0.8,5.2,2.6,43,15,-,-,5.5
Tropical_Latin_America,11.8,4.1,1,4.6,1.7,25.2,0.2,6.3,0,4.4,0.1,0.1,2.6,0,2.6,2,0.6,11.4,7.7,4.8,20.8,42973,45750,5.6
Brazil,11.8,4.2,1,4.6,1.8,25.6,0.2,6.3,0,4.2,0.1,0.1,2.6,0,2.6,2,0.6,10.7,7.7,4.9,20.8,41992,44559,5.6
Sao_Paulo,15.3,5.5,1,8.4,2.3,42.1,0.2,6.8,0,5,0.1,0.1,3.2,-0.1,3,1.4,0.4,3.4,8.9,0.6,7.5,-,-,9.4
Curitiba,8.9,5.8,0.8,6.9,2.6,35.8,0.3,8.2,0,4.9,0.1,0.1,3.3,-0.1,3,1.8,0.5,5.6,9.1,1.3,10,-,-,7.7
Florianopolis,12.8,8.9,5.4,8.3,1.7,24.6,0.3,7.9,0,4,0.1,0.1,2.6,-0.1,2.6,2.2,0.4,5.5,7.9,1.9,15.7,-,-,13.7
Belo_Horizonte,13.2,8.2,0.7,3.6,3.6,40.7,0.2,5.5,0,3.8,0.1,0.1,2.5,0,2.8,1,0.1,6.6,7.9,0.8,12.1,-,-,4.3
Palmas,10.4,0.3,0.1,0.6,0.5,3.6,0.1,2.4,0,1.4,0,0,0.8,0,0.7,0.5,0.6,57.4,3.4,3.6,23.8,-,-,0.7
Ilheus,13.6,1.1,0.2,1.1,0.6,6.5,0,3.6,0,3.4,0.1,0.1,2.1,0,1.8,6.7,0.2,7.1,7.6,2.8,54.8,-,-,1.3
Jequie,13.3,1.8,0.3,1.5,1.3,12.6,0.1,5,0,4.7,0.1,0.1,3.2,0,2.6,5.4,0.2,6.7,10.7,2.6,41.1,-,-,1.8
Ribeirao_Preto,14.5,6.2,1,4.9,2.3,30.7,0.3,10.3,0,4.7,0.1,0.1,3.2,-0.1,3.4,0.6,2.1,9.7,8.8,1,10.5,-,-,5.9
Paraguay,12.5,1.4,0.5,2.8,0.6,13.4,0.2,7.5,0,8.3,0.1,0.2,2.1,0,1.6,0.2,0.9,30.3,5.5,3,21.3,981,1192,3.3
North_Africa_and_Middle_East,44.1,5.7,4.4,7.4,0.8,4.4,0.3,7,0.3,2.6,0.3,0.5,0.4,-0.1,3.4,1.3,0.3,0.5,6.4,50.8,3.5,317861,419282,11.8
Afghanistan,50.8,5.2,6.6,5,2.2,2.7,0.1,6.2,0,7.3,0.2,0.2,0.1,-0.2,3.9,0.1,0,0.5,5.1,51.8,2.8,7110,29383,11.6
Kabul,64.5,5.9,11.9,4.8,2.8,2.3,0.1,6.7,-0.1,8.7,0.2,0.1,0.1,-0.2,5.7,0.1,0,0.4,7.3,39.5,3.8,-,-,16.7
Algeria,31.6,4.6,1.6,3,0.2,3.9,0.6,17.1,0.1,2.5,0.4,0.4,0.5,-0.2,4.7,5.5,0.5,2.4,13.1,30.9,8.3,19437,22018,4.6
Algiers,34,4.1,1.8,3.4,0.2,6,0.8,23.3,0.2,3.1,0.4,0.5,0.5,-0.2,4.9,7.1,0.5,2.4,14.8,15.8,10.4,-,-,5.2
Tebessa,33.3,6.6,1.8,2.7,0.2,3.5,0.5,14.3,0.2,3.2,0.5,0.4,0.6,-0.2,3.8,3.7,0.4,1.6,17.4,28.9,10.1,-,-,4.5
Bahrain,60.8,2.9,1.1,22.9,0.4,5.7,0,6.9,0.1,0.4,0.1,0.1,0.1,-0.1,1.1,0.1,0,0,1.3,55.7,1.1,551,776,24.0
Egypt,65.8,5.6,5.4,6.3,0.6,4.7,0.5,5.8,0.2,3.5,0.3,0.3,0.5,-0.2,5.8,1.9,0.3,0.1,11.8,42,4.7,87957,110679,11.7
Cairo,80.9,6.3,5.3,6.9,0.6,5.2,0.5,6.3,0.2,4,0.3,0.3,0.5,-0.2,6.5,2,0.3,0.1,14,36.1,4.6,-,-,12.2
Alexandria,56.7,6.5,7.4,6.7,0.8,4.5,0.6,5,0.3,3.4,0.3,0.4,0.5,-0.2,4.8,2.4,0.3,0.1,10.5,39.8,5.9,-,-,14.1
Iran,38.3,8.1,1.7,9.8,0.4,5.2,0.1,11,0.1,1,0.4,0.4,0.6,0,2.6,0.3,0.2,0.5,3.8,52.9,0.9,40870,48441,11.5
Tehran,36.3,11.4,1.4,7.8,0.4,6.7,0.1,14.4,0.1,1.1,0.7,0.6,0.9,0.1,3.6,0.3,0.2,0.7,5.5,41.2,2.5,-,-,9.2
Ahvaz,71.1,5.3,1.8,15.9,0.3,4.1,0.1,8.6,0.1,0.5,0.2,0.2,0.3,-0.1,2.6,0.2,0.1,0.2,2.7,58.3,-1.5,-,-,17.7
Gorgan,39.6,11.8,1.8,7.5,0.4,6.2,0.1,12.2,0.1,1.3,0.9,0.6,0.8,0,2.1,0.2,0.3,0.8,4.4,46.3,2.2,-,-,9.3
Qom,41.6,10.3,1.5,8.8,0.4,6,0.1,13.8,0.1,0.9,0.6,0.5,0.7,0,2.9,0.3,0.2,0.5,4.2,46.9,1.4,-,-,10.3
Iraq,48.6,5.1,3.4,11.1,0.6,3.7,0.1,9,0.2,0.7,0.3,0.3,0.3,-0.1,3.8,0.3,0.2,0.2,4.3,56.6,-0.1,22830,27431,14.5
Baghdad,58.2,4.9,3.3,11.4,0.5,3.9,0.1,8.9,0.2,0.7,0.2,0.3,0.2,-0.1,4.2,0.3,0.1,0.1,4.6,56.5,-0.4,-,-,14.7
Jordan,32.1,8.9,8.9,9.4,1,4.4,0.3,6.8,0.3,1.5,0.2,0.5,0.3,-0.2,3.4,0.9,0.2,0.1,4.6,44,4.6,2622,3077,18.3
Kuwait,63.1,3.5,1.5,15.2,0.3,3.6,0,6.1,0.1,0.4,0.1,0.2,0.1,-0.1,2.2,0.2,0.1,0.1,1.6,66.2,-1.4,1370,1754,16.7
Lebanon,28.5,8.7,9.2,11.6,1.4,4.2,0.3,6,0.5,1.8,0.2,0.6,0.4,-0.1,3.9,0.9,0.3,0.1,4.9,39.3,5.7,3240,3693,20.8
Libya,36.2,1.5,2.1,1.2,0.2,1.1,0.2,3.3,0.2,1.6,0.7,0.2,0.2,-0.1,0.6,0.9,0.3,0.5,1.9,77.4,6.1,3030,3535,3.3
Morocco,34,3.4,1.8,1.6,0.1,2.7,0.3,5.4,0,2.6,0.1,1.4,0.5,-0.1,2,3.3,0.1,0.6,3.3,66.3,4.5,25152,30306,3.4
Marrakesh,44,1.7,1.1,0.8,0,1.8,0.1,3.5,0,1.9,0.1,1.1,0.3,-0.1,1.5,1.1,0.1,0.4,2.2,80.2,2.4,-,-,1.9
Palestine,32.6,9.8,9.7,9.4,1,4.5,0.3,7.1,0.3,1.7,0.2,0.5,0.3,-0.2,3.9,1.2,0.3,0.1,5.6,38.9,5.3,1695,1992,19.1
Oman,42.6,1.7,0.9,8.5,0.8,4.4,0,3.6,0.1,1.4,0.1,0.1,0.1,-0.1,0.7,0.9,0,0.1,1.3,73.5,2,1617,1951,9.4
Qatar,71.6,2.8,1,20.9,0.4,5.4,0,6.4,0.1,0.4,0.1,0.1,0.1,-0.1,1,0.1,0,0,1.3,58.8,1.1,459,625,21.9
Saudi_Arabia,61.5,2.7,1.6,13.8,0.4,6.8,0.1,5.1,0.1,0.9,0.1,0.1,0.1,-0.1,1.3,0.5,0.1,0.1,1.6,63.7,1.1,16992,20827,15.4
Riyadh,67.7,2.6,1.2,13.6,0.3,6.9,0,5.8,0.1,0.6,0.1,0.1,0.1,-0.1,1.1,0.2,0.1,0.1,1.2,66.8,-0.7,-,-,14.8
Sudan,50,0.7,1.1,4.4,0.2,2.4,0.1,2.4,0.1,2.3,0.1,0.5,0.1,0,1.1,0.4,0.2,1.3,2.1,78,2.8,13005,25334,5.5
Khartoum,61.2,0.5,1.1,4.3,0.2,2.6,0.1,2.4,0.1,1.8,0.1,0.6,0.1,0,1.1,0.3,0.1,0.3,2.2,80.4,1.9,-,-,5.4
Syria,31.1,8.9,9.1,8.3,1.7,4.2,0.3,6.7,0.7,1.7,0.4,0.9,0.6,-0.2,4.5,0.8,0.5,0.2,6.9,38.9,4.9,10039,11249,17.4
Tunisia,29.3,3.8,2.2,3.4,0.3,4.1,0.5,9.6,0.2,5.3,1,0.5,1,-0.2,2.8,4.9,0.4,1.1,16.4,33,9.7,6946,7808,5.6
Kairouan,35.4,4.5,2.1,3.2,0.3,3.8,0.5,10.6,0.2,5.4,1.1,0.5,1.1,-0.2,3.3,4.4,0.4,1,24.5,24,9.4,-,-,5.3
Turkey,26.1,15.3,14.7,3.2,3,5.2,0.5,7.4,1.8,4.1,0.5,2.1,1.2,-0.1,2.6,1.1,0.9,0.5,7.9,21.9,6.3,41149,47245,17.9
Istanbul,26,14.7,13.3,3.1,4.4,7.5,0.7,6.8,2.5,7.4,0.9,2.5,1.6,-0.1,3.9,1.5,1.4,0.6,7.7,11.8,7.7,-,-,16.4
Malatya,32.7,15.2,16,3.5,1.9,3.3,0.4,7.9,1.6,2.6,0.5,1.9,1,-0.2,2.2,0.5,0.4,0.3,6.9,29.5,4.7,-,-,19.5
Kayseri,37.5,16.2,12.5,2.7,2.8,4.5,0.3,8.1,1.8,2.9,0.4,2.2,1.2,-0.2,2,0.6,0.5,0.4,9.4,26.2,5.6,-,-,15.2
United_Arab_Emirates,42.7,2.8,0.7,14.6,1,5.9,0,5.3,0,0.7,0.1,0.1,0.1,-0.1,0.8,0.5,0,0.1,1.4,65,1,2783,3331,15.3
Yemen,44.1,2.2,1.5,11.7,0.8,5,0.1,3.9,0.1,2,0.1,0.2,0.1,-0.1,2.2,1.1,0.1,0.2,2.1,63.2,3.6,9006,17827,13.2
Sana,44.7,2.2,1.5,12.5,0.8,5.1,0.1,4,0.1,1.8,0.1,0.2,0.1,-0.1,2.3,0.9,0.1,0.2,2,62.9,3.3,-,-,14.0
South_Asia,76.1,9.5,6.5,5.5,8,6.3,1,6,1.2,23.4,1.7,1.8,2.9,0.4,4.4,0.6,0.9,0.9,10.9,4.1,3.8,1032907,2146883,12.0
Bangladesh,61.9,11.8,6.4,6,6.7,5.6,1.6,7.2,0.9,25.9,1.4,0.9,3.4,-0.2,6.1,0.1,0.2,0.6,9,1.5,4.8,63718,158987,12.4
Rajshahi,55.8,11.8,8.2,6.2,7.8,7.3,1.1,5.2,1.1,23.2,1.5,1,3.5,-0.2,4.6,0,0.1,0.1,12.1,1.2,4.4,-,-,14.4
Dhaka,69.6,11.9,6.2,5.6,6.2,5.2,2,7.5,0.7,27.5,1.3,0.7,3.4,-0.3,6,0.1,0.1,0.2,9.2,1.4,5,-,-,11.8
Saidpur,61.4,12.2,6.1,4.4,7.8,6.7,1,6.1,1.2,27.4,1.8,1.2,4,-0.4,5.2,-0.1,0.1,0.3,8.9,1.5,4.6,-,-,10.5
Bhutan,38.8,10.2,4.7,3.5,8.2,5.7,1.1,4.3,1.3,30.1,1.4,1.3,2.6,-0.2,3.8,0,0.2,3.5,10.6,3.6,3.9,240,524,8.2
India,80.2,9.4,7,5.5,8.2,6.6,1,5.7,1.4,22.5,1.8,2,3.1,0.4,4.2,0.7,1,1,11.5,3.4,3.8,866566,1752666,12.5
Jaipur,102.8,8.7,5.3,4.8,7.4,4.8,1.3,8,1.4,22.3,1.8,2.2,2.9,0.6,4.9,0.9,1.1,0.8,10.8,6.4,3.6,-,-,10.1
Ahmedabad,131.5,6.1,7.5,6.1,6.2,5.5,0.8,6,1.4,21.6,1.5,1.9,2.2,0.3,4.9,0.7,0.5,0.4,14.7,7.3,4.3,-,-,13.6
Kanpur,152.3,9.4,6.8,4.7,8.1,6.1,1.2,6,1.6,24.5,2.2,2.3,3.8,0.5,4,0.7,1,0.7,9.9,3,3.5,-,-,11.5
Kolkata,85.8,8.9,7.4,6.3,10.7,12,0.6,3.4,1.5,22.7,1.7,1.8,3,0.1,2.9,0.1,0.2,0.3,11.8,0.9,3.8,-,-,13.7
Mumbai,60,7,7.6,5.6,10.2,9.9,1,4.3,1.2,18.9,1.5,2,2.3,0.6,4.8,1.1,0.8,0.7,10.2,5.3,5.2,-,-,13.2
Pune,57,9.4,6.5,4.2,9.8,10.1,1,4.5,1.3,19.4,1.6,2.2,2.4,0.6,5,1.4,0.9,0.9,11.4,3.7,3.5,-,-,10.7
Hyderabad,47.6,6.6,8.5,4.6,8.5,6.6,1.3,5,1.5,18.8,1.7,2.4,2.5,0.9,4.4,1.1,1.1,1.2,16.9,2.9,3.4,-,-,13.1
Belgaum,44.6,6.7,8.4,5,7.6,5,1.6,7.6,1.5,18.6,1.8,2.5,2.7,0.9,4.9,1.5,1.2,1.3,12.7,4.2,4.2,-,-,13.4
Coimbatore,41.2,6.2,6.3,4,8.5,7.5,0.7,5.4,1.8,21.3,1.3,2.2,1.9,0.4,5.3,1.2,0.6,1.4,17.1,3.1,3.7,-,-,10.3
Hindupur,41.3,6.3,9.2,5.7,7.5,4.7,1.6,6,1.6,18.4,1.7,2.6,2.6,1.2,4.7,1.5,1.4,1.6,14.5,3.4,3.8,-,-,14.9
Jalna,52.8,8.4,10.1,5.2,7.6,5.2,1.4,5.5,1.4,18.9,1.8,2.4,2.8,0.8,5.3,1.2,1.1,1,11.3,4.9,3.6,-,-,15.3
Kozhikode,34.8,3.7,5.1,4.1,8.8,7.1,1,5.1,1.7,22.2,1.5,2.6,1.9,0.8,4.8,2.5,0.9,1.5,13.3,6.4,5,-,-,9.2
Malegaon,57,7.8,10.3,6.1,7.3,5.2,1.2,5.3,1.3,19.2,1.7,2.1,2.5,0.6,5.4,1,0.9,0.8,12.4,5.3,3.6,-,-,16.4
Parbhani,41.7,8.3,10.6,5.5,7.8,5.2,1.5,5.4,1.4,18.2,1.8,2.3,2.8,0.9,4.9,1.1,1.2,1.1,11.7,4.4,3.9,-,-,16.1
Singrauli,153.2,11.6,13.9,12.4,5.5,4.2,0.9,3.9,0.9,15.1,1.5,1.5,2.5,0.5,3.5,0.6,0.7,0.6,14.6,2.1,3.5,-,-,26.3
Sitapur,136.5,10.9,6.5,4.5,7.4,5.1,1,6.6,1.4,24.4,2.1,2,3.8,0.4,4.1,0.6,1.3,1.7,9.8,2.7,3.8,-,-,11.0
Vijayawada,56.2,6.4,9.4,6.5,8.7,7,1.4,4.5,1.4,18.1,1.7,2.2,2.6,0.8,4.3,1,1.1,1.3,15.7,2.5,3.3,-,-,15.9
Nepal,79.3,9.2,4.4,3.3,8.3,4.5,0.7,5.3,1,36.6,1.4,1.6,2.7,0.2,3.1,0.4,0.8,2.7,7.6,3,3.3,15905,39195,7.7
Pokhara,74.6,8.1,3.8,2.8,6,3,0.7,5.4,0.7,37.6,1.2,1.4,2.2,0.3,2.4,0.5,0.8,3.5,11.1,4.9,3.6,-,-,6.6
Pakistan,59.7,8.5,2.8,5.7,7.5,4.1,0.7,8.6,0.2,26.9,0.9,1,0.9,0.4,5.3,0.7,0.9,0.7,8.6,13,2.6,86477,195510,8.5
Karachi,70.8,3.9,2.4,6.6,7.7,6.9,0.5,6.5,0.1,27.4,0.5,0.6,0.5,0.2,4.3,1,0.4,0.4,9.4,17.9,2.9,-,-,9.0
Lahore,72.5,9.1,2.2,5.2,9.1,6.5,0.9,9.5,0.3,33.9,1.2,1.2,1.2,0.6,4.2,0.7,1.5,0.8,5.1,3.8,3,-,-,7.4
Sialkot,66,10.7,2.9,4.9,8.6,4.4,1,9.9,0.8,27.3,1.7,1.7,2,0.5,5.1,0.8,1,1,7,6,2.9,-,-,7.8
East_Asia,49.3,11.1,4.7,4.9,9.1,5.2,1.4,6.2,5.3,12.6,-0.1,1.8,1.3,0.2,8.8,0.4,0.5,0.9,12.7,9.2,3.9,1418337,2049784,9.6
China,49.8,11,4.7,4.8,9.1,5.2,1.4,6.2,5.3,12.7,0,1.8,1.3,0.2,8.9,0.3,0.5,0.9,12.8,9.2,3.8,1386689,1992762,9.5
Chengdu,63.9,10.4,2,2.3,13.5,4.8,0.9,5.5,6.7,14.7,0.4,2.5,1.5,0.4,8.3,0.2,0.5,0.5,11.5,10.7,2.8,-,-,4.3
Qingdao,46.8,13.5,5.9,4.1,11.2,4.6,1.4,7.1,4.9,11.4,-0.2,1.7,1.4,0.3,7.7,0.6,0.6,0.8,14.8,4.3,3.8,-,-,10.0
Taipei,22,10.4,4,7.6,8.1,6.3,0.8,8.1,5.3,10,-2.1,1.5,1,-0.3,4.8,3.5,0.4,1.3,13.3,8,7.6,-,-,11.6
Shanghai,46.2,9.4,3.5,7.5,11.3,10.1,0.6,5.4,4.2,10.8,-0.3,1.3,0.8,0.2,7.2,0.8,0.4,0.5,18.7,4.3,3.5,-,-,11.0
Wuhan,64.6,10.4,3.3,6.2,11.3,5.7,1.6,6,5.4,13.6,0.3,1.8,1.2,0.4,11.9,0.2,0.4,0.5,11.4,4.8,3.6,-,-,9.5
Hangzhou,54.1,9.9,3.5,4.2,8.7,7.3,0.6,6.9,4.8,12.1,-0.2,1.4,0.9,0.2,10.1,0.3,0.6,1.1,19.7,4.1,3.9,-,-,7.7
Guangzhou,39.9,6.2,3.7,3.3,9,4.8,1.5,6.9,6.4,14.7,0.1,2.2,1.3,0.6,8.1,0.7,0.4,1.2,22.2,2.6,4,-,-,7.0
Beijing,71.8,13.7,5.4,6.3,9.8,4.4,1.2,8.8,5.2,12.4,-0.1,1.6,1.3,0.6,6,0.1,0.3,0.6,11.4,6.5,4.4,-,-,11.7
Tangshan,73.4,14.2,6,5,9.1,4.1,1.2,7.9,4.7,11.1,-0.2,1.5,1.3,0.5,6.7,0.3,0.5,0.7,16.2,5,4.2,-,-,11
Tianjin,71.7,12.4,5.5,4.6,8.8,4.2,1.4,8.7,5.4,12.9,0,1.9,1.5,0.7,7,0.4,0.6,0.8,14.1,4.8,4.2,-,-,10.1
Jinan,70.4,12.9,5.8,4.1,10.5,4.4,1.5,6.1,5.5,13.1,0.2,1.9,1.4,0.5,8.1,0.3,0.5,0.6,13.4,5,4.1,-,-,9.9
Zhengzhou,82.7,11,4.7,4.9,8.8,4.5,1.1,5.5,5.3,13.1,0.4,1.8,1.1,0.6,8,0.2,0.3,0.4,18.5,6.3,3.7,-,-,9.6
Hong_Kong,23.5,4.3,4.2,3.2,9.1,6.1,0.8,6.8,6.7,15.3,-0.1,2.2,1.2,0,7.9,1.3,0.2,0.9,21.7,3.8,4.3,-,-,7.4
Anqing,55.4,11.1,4,4.6,9.3,5.9,1.7,5.8,5.2,13,0,1.7,1.1,0.2,13.4,0.2,0.6,0.6,12.9,5.1,3.7,-,-,8.6
Bicheng,54.4,8.9,3.1,3.5,10.4,3.4,1.8,6.9,7.1,15.7,0.6,2.8,1.8,0.5,10.1,0.4,0.8,0.8,10.6,8.2,2.8,-,-,6.6
Changzhi,72.2,13,6.2,9,7.2,4,1,5.2,3.5,8.8,0.2,1.2,0.9,0.1,7.1,0.1,0.3,0.5,16,11.9,3.6,-,-,15.2
Changzhou,56.1,9.4,3.9,3.8,8.5,6.6,1,6.4,4.7,11.5,-0.2,1.5,1,0.4,8.1,0.4,0.6,0.6,24.2,3.8,3.7,-,-,7.7
Chengguan,37.3,10.4,6.6,4.1,6.5,3.7,1.5,4.3,6.5,13.4,0.4,2.6,1.8,0,10.8,0.4,0.5,1.5,11.2,11.8,2.2,-,-,10.7
Gaoyou,54.7,12.1,4.6,4,9.9,5.8,1.8,6.8,5.2,12.6,-0.1,1.8,1.3,0.4,10.3,0.6,0.8,0.7,12.8,4.6,4,-,-,8.6
Guixi,48.9,7.9,2.8,3.2,7.7,3.3,2.7,6.3,8,17,0.5,3.1,2,0,11.2,0.4,0.6,0.8,8.4,11.8,2.3,-,-,6.0
Haikou,22.4,4.9,4.3,4.5,8.7,4.4,1.4,6.6,7.1,16.3,0.3,2.6,1.6,0.1,10.3,1.1,0.6,1.8,13.9,4.6,5,-,-,8.8
Kaiping,39,8.1,4.5,3.6,8.4,4.6,1.8,8.4,6,14.2,0.3,2.1,1.3,0.6,10.7,0.8,0.4,1.2,15.9,2.9,4.3,-,-,8.1
Leshan,58.8,10.2,2.4,2.9,12.8,4.2,1.2,6.2,6.8,14.9,0.4,2.5,1.6,0.2,9.8,0.2,0.5,0.6,10.4,9.9,2.4,-,-,5.3
Pingxiang,54.3,9.1,3.3,5.6,11.2,4.8,1.7,5,5.8,13.9,0.2,2,1.3,-0.1,12.8,0.2,0.4,0.9,14.1,5,2.7,-,-,8.9
Shenzhen,32.4,4.4,4.1,3.1,9.3,5.1,0.8,6.1,7.2,16.4,0,2.5,1.4,0.2,8,1.1,0.3,1.1,22.2,3,3.7,-,-,7.2
Suining,51.2,8.2,3.4,3,9.3,3.4,1.4,6.2,7.8,16.7,0.5,2.9,1.9,-0.2,10.4,0.3,0.6,0.6,7.7,13.3,2.5,-,-,6.4
Xingping,68.4,8.8,4.6,3.5,7.1,4.9,0.8,6.8,5.6,14,0.3,1.9,1,0.1,9.2,0,0.1,0.3,9.2,18.4,3.3,-,-,8.1
Xucheng,56.1,13,4.7,4,10.2,5.7,1.8,6.7,5.2,12.8,0,1.8,1.3,0.4,11,0.5,0.6,0.7,11.2,4.7,4,-,-,8.7
Yanggu,73.6,12.7,5.8,4.1,10.3,4.2,1.8,5.8,5.6,13.4,0.4,2.1,1.5,0.6,8,0.4,0.6,0.7,11.3,6.7,4.1,-,-,9.9
Yiyang,51.1,9.9,3.5,4.6,10.2,4.5,3,5.2,5.7,14.2,0.4,2.1,1.4,0.2,14,0.3,0.6,0.7,10.8,5.4,3.1,-,-,8.1
Yucheng,34.9,10.4,4.6,3.7,7.4,7.1,0.3,5.1,5.7,13.5,-0.9,1.4,0.7,-0.3,12.1,1.5,0.2,0.6,17.3,5.7,4.2,-,-,8.3
Zhuji,49.4,9.6,3.3,4,9.1,7.2,0.6,7.3,4.9,12.3,-0.2,1.4,0.9,0.2,11.3,0.3,0.8,2,16.8,4.1,4,-,-,7.3
Zunyi,45.4,10.6,3.9,5,8.3,3.6,1.7,5.3,6.7,13.9,0.5,2.8,1.9,0,10.2,0.5,0.6,1.1,10.9,10.5,2,-,-,8.9
Yulin,40.7,7.6,3.3,4,10.8,5.3,2.3,5.5,6.8,15.6,0.4,2.4,1.5,-0.1,12,0.5,0.5,1.8,12.1,4.2,3.3,-,-,7.3
North_Korea,41.8,16.7,6.4,5.6,12.2,7.1,1.3,7,3.9,8.6,-1.3,1.1,1.5,0,6.5,0.5,0.7,1.3,10.4,5.8,4.5,20110,43106,12.0
Taiwan,23.9,11.5,4.1,12.6,7.8,5.6,0.9,8.4,4.4,8.4,-1.6,1.4,0.9,-0.3,4,4.1,0.3,1.2,13.2,6.5,6.9,11539,13916,16.7
Oceania,12.7,0.6,0.4,1.5,0.2,0.6,0.2,2.4,1,7.7,-0.9,0,0.2,0,5.8,2.8,1.5,14.7,0.6,2.5,58.1,1381,3812,1.9
American_Samoa,6.1,0.2,0,0.4,0,0.2,0.1,0.3,0,0.4,0,0,0,0,0.4,2.4,0,0.4,0.1,0.7,94.3,7,5,0.4
Federated_States_of_Micronesia,9.1,0,0.1,0.4,0.1,0.1,0.1,0.5,0.1,0.6,0,0,0,0.1,0.2,1.3,0,0.5,0.4,0.8,94.8,25,30,0.5
Fiji,9.8,1.9,0.2,2.2,0.1,1.1,0.2,0.6,0,2,0,0,0.1,0,2,2,0,1.2,0.1,3.6,82.5,273,311,2.4
Suva,-,-,-,-,-,-,-,-,-,-,-,-,-,-,-,-,-,-,-,-,-,-,-,0
Guam,7.6,0,0.1,0.5,0.3,0.4,0.1,0.8,0.3,1.6,0,0.1,0.1,0.1,0.3,7,0,0.6,1.9,1.7,83.9,25,22,0.6
Kiribati,7.6,0,0,0.2,0,0.1,0,0.5,0,0.5,0,0,0,0,0.1,2,0,0.9,0.4,2,93.1,11,23,0.2
Marshall_Islands,8.6,0,0.1,0.3,0.1,0.1,0.1,0.5,0.1,0.5,0,0,0.1,0.1,0.1,1,0,0.5,0.5,1,94.9,10,12,0.4
Northern_Mariana_Islands,7.8,0.1,0.2,0.7,0.5,0.6,0.2,1,0.5,1.9,0,0.2,0.1,0.1,0.4,6.1,0.1,0.7,2.5,2.1,82.1,9,8,0.9
Papua_New_Guinea,13.3,0.6,0.4,1.6,0.2,0.7,0.2,2.6,1.1,8.6,-1,0,0.2,0,6.4,2.8,1.6,16.5,0.7,2.6,54.2,841,2977,2.0
Samoa,9.6,0.3,0,0.5,0,0.2,0.1,0.4,0,0.6,0,0,0,0,0.7,2.3,0,0.4,0.1,0.7,93.6,32,46,0.5
Solomon_Islands,10.7,0.2,0.3,1,0.1,0.3,0.1,0.7,0,1.5,0,0,0,0.1,0.5,3.1,0.1,0.9,0.1,1.6,89.5,80,260,1.3
Tonga,9.6,0.2,0.2,0.5,0,0.3,0.1,0.4,0,0.3,0,0,0,0,0.1,2.4,0,1,0.1,3.5,90.8,18,21,0.7
Vanuatu,11.1,0.9,0.8,0.8,0.3,0.4,0.1,0.7,0,0.7,0,0,0.1,0,0.6,2.7,0.1,1.9,0.1,4,85.7,42,90,1.6
Niue,6.4,0,0.1,0.3,0,0.1,0,0.3,0,0.2,0,0,0,0,0.1,2.7,0,0.7,0.1,2.3,93,0,0,0.4
Cook_Islands,6.1,0.1,0.1,0.4,0,0.2,0,0.3,0,0.2,0,0,0,0,0.1,2.7,0,0.8,0.1,2.8,92.1,2,2,0.5
Nauru,5.6,0,0,0.3,0,0.1,0,0.4,0,0.4,0,0,0,0.1,0.1,1,0,0.5,0.2,1,95.6,1,1,0.3
Palau,6.7,0.4,3.3,2.3,1.2,1.9,0.4,11.8,2.5,17.4,-1.9,0.5,0.5,0.2,1.9,3.6,0.4,3.6,6.4,1.3,42.3,4,4,5.6
Tokelau,7,0,0,0.3,0,0.1,0,0.3,0,0.2,0,0,0,0,0.1,2,0,0.4,0.1,0.9,95.5,0,0,0.3
Tuvalu,5.7,0,0,0.2,0,0.1,0,0.4,0,0.3,0,0,0,0,0.1,1.1,0,0.4,0.2,1,96.1,1,1,0.2
Southeast_Asia,20.1,4.5,5.9,4.1,4.6,7.5,0.6,8.4,1.9,25,0.1,1.3,1.2,0.1,5.3,1.2,0.7,4.9,8.9,2.8,10.6,230616,326462,10.0
Cambodia,21.2,1.3,2.3,4.6,2.8,2.9,0.5,5,3.2,24.7,0,1.1,1.1,0.1,5.4,0.9,1.3,22.2,10,2.6,8,2975,7983,6.9
Indonesia,18,6.6,8.3,1.5,2.8,6.7,0.3,12.1,0.3,32.7,0.1,0.4,0.5,0,3.2,1,0.2,4,4.7,2.4,12.2,93807,119054,9.8
Medan,34.6,2.5,3.1,1.9,3.2,7.4,0.5,14.5,0.5,39,0.6,0.8,0.9,0,3.9,4.8,0.4,1.9,6.1,1.1,6.9,-,-,5.0
Palembang,25.6,2.3,8.6,2.1,2.3,4.5,0.6,10.8,0.4,31.3,0,0.5,0.5,0,3.1,1.1,0.4,13.3,5.1,0.4,12.5,-,-,10.7
Cirebon,21.4,8.7,12.1,1.6,3.4,8.4,0.1,10.7,0,35.7,0.2,0.3,0.5,-0.2,3,0.4,0.1,1.9,4.8,2.4,6,-,-,13.7
Parepare,14.4,1.3,2.5,0.3,1,1.8,0.1,18.1,0.8,39.7,-0.5,0.4,0.6,0,4.3,0.8,0.4,4.1,4.5,1.3,18.5,-,-,2.8
Pematangsiantar,25.2,3.3,3.7,1,1.7,6,0.1,13.2,0.3,44.9,0.2,0.4,0.6,-0.1,5.5,3.5,0.1,1.5,5.6,0.7,8,-,-,4.7
Laos,18.5,4.9,3.8,4.5,4.4,6.7,0.9,5.7,3.8,15.8,0.3,1.6,1.6,0.5,5.8,0.7,1,13.4,13.1,4.9,6.5,1087,2831,8.3
Malaysia,16.2,3.3,7.6,4.5,1.7,3.2,0.3,16.6,0.6,13.4,0.2,0.7,0.9,0.1,5.8,2.6,0.5,4,16.8,0.9,16.2,9619,10569,12.1
Ipoh,17.5,7.1,8,2.8,2,4.5,0.3,14.9,0.4,11.3,0.4,0.9,1.2,0.2,6.7,1.6,0.6,3.1,20.7,1,12.3,-,-,10.8
Rawang,17.2,4.5,6.6,6.6,1.6,4.5,0.2,21.3,0.2,11.9,0.1,0.6,0.9,0,6.1,1.6,0.5,3.9,19.4,0.3,9.1,-,-,13.2
Maldives,9.9,2.6,5,6.7,6.4,4.3,1.8,5.7,1.4,16.5,1.9,2.6,2.2,1.5,3.4,3.1,1.8,2.6,12.1,7.5,10.9,37,37,11.7
Mauritius,14.7,0.8,2.6,4.8,0.2,0.9,0.1,1.7,0.1,0.7,0.1,0.1,0.1,0,1.7,5,0,1.7,1.6,3.3,74.8,574,595,7.4
Myanmar,28.5,3.6,5.4,4.9,5.4,5,1,4.4,2,28.1,0.5,1.6,1.9,0.6,4,0.8,1.2,9.1,9.2,4.7,6.6,21691,46930,10.3
Myeik,22.7,2.2,3.3,10.3,6,10.1,1,6.8,2.2,14,0.9,1.5,1.6,0.7,4.4,1.1,1.6,8.2,11,4.1,9.2,-,-,13.6
Philippines,18.4,3.4,5.8,4,8.2,8.9,0.7,5,1,15.5,-0.4,2.8,0.4,-0.1,5.5,2.2,0.4,1.4,13.6,1.4,20.2,29306,43218,9.8
Manila,27.4,4,5.1,5.9,15.6,16.3,0.4,4,0.7,16.8,-0.2,3.1,0.4,-0.2,4.1,1.6,0.4,1,10.2,0.9,9.9,-,-,11.0
Bacolod,19.7,1.5,5.8,2.1,3.9,5.1,1.1,5.6,1,16.7,-0.5,3.1,0.3,-0.1,7.5,2.1,0.2,1.1,14.7,1.3,27.5,-,-,7.9
Cebu_City,22.4,2.6,7,2.7,5.2,6.5,2.3,5,0.8,15.3,-0.3,2.4,0.4,-0.1,6.9,2.2,0.1,1,12.3,1.1,26.7,-,-,9.7
Sri_Lanka,19.6,2.4,4.5,5,3.3,15.8,0.4,5.8,0.9,19.5,0.4,1.2,0.6,0.2,18.3,2.4,0.4,1.1,7,4.8,6.4,6940,9675,9.5
Seychelles,15.4,0.2,1.2,2.9,1.6,2.4,0,2.7,0.6,9.2,0.2,0.5,0.2,0,1.5,2.9,0.1,1,7.2,12.9,52.6,33,37,4.1
Thailand,26.4,2.7,3.6,11.8,5.8,14.4,0.8,8.3,2.5,11.8,0.4,1.3,1.5,0.4,6,0.9,1.6,5.9,11.3,3.2,5.8,29501,38193,15.4
Bangkok,30.4,1.7,2.7,18,7.2,29.2,0.6,8.6,1.2,7.3,0.3,0.7,1.1,0.3,4.1,0.5,1.5,2.5,7.5,1.6,3.4,-,-,20.7
Timor_Leste,15.3,2.2,0.8,0.2,0.3,1.7,0.3,9.1,0,8.9,0,0.1,0.1,0,1.3,1.4,0.2,21.1,2.2,15.7,34.4,183,386,1.0
Vietnam,20,4.3,3.7,2.6,5.3,4.2,0.7,5.5,6.6,30.2,0.2,2.3,3,0.2,8.1,1,1,3.2,10.2,2.8,5,34862,46955,6.3
Vinh_Long,23.7,2.3,2.5,1.5,3.1,2.3,0.3,4.4,6.7,37,0.2,2.3,3.5,0.1,8.7,1.3,3.7,3.1,10.5,1.3,5.2,-,-,4.0
Ho_Chi_Minh_City,27.1,1.9,2.7,1.5,4.4,3.6,0.2,4.7,7.7,41.4,0.1,2.6,4,0,7.5,1,0.8,2.3,7.6,1,4.9,-,-,4.2
Central_Sub_Saharan_Africa,32.2,0.2,0.4,1.8,0.1,4.5,0,1.5,0.1,9.6,0.2,0.3,0.3,0,1.1,0.1,1.8,55,2.5,11.6,9,15279,53321,2.2
Angola,27,0.3,1.3,2.5,0.1,5.7,0,1.8,0.2,4.9,0.1,0.3,0.2,0,0.9,0.2,1.1,67.6,1.7,4,7.1,3851,8764,3.8
Luanda,31.2,0.2,0.8,3.8,0.1,5.5,0,1.9,0.1,4.9,0.1,0.3,0.1,0,0.9,0.4,0.9,64.2,2,5,8.7,-,-,4.6
Central_African_Republic,41.3,0.5,0.2,1.8,0.1,0.9,0,1.2,0,3.6,0.1,0.2,0.1,0,0.7,0.1,1,41.8,1.5,37.9,8.2,738,4423,2.0
Congo,35.2,0.1,0.2,2.3,0,4.6,0,2.3,0,7.6,0.2,0.7,0.1,0,0.8,0.2,2.4,49.5,2.3,15.3,11.4,1367,2589,2.5
Democratic_Republic_of_the_Congo,33,0.2,0.3,1.5,0.1,4.3,0,1.4,0,11.5,0.2,0.3,0.4,0,1.2,0.1,2,53.9,2.7,10.6,9.3,8344,36180,1.8
Kinshasa,39.4,0.1,0.2,2.4,0,7.8,0,2.5,0,10.6,0.3,1.3,0.2,0,1,0.1,3,53.2,2.7,6.9,7.7,-,-,2.6
Lubumbashi,27.4,0.8,0.7,2.3,0.1,21.7,0.2,0.9,0.1,8,0,0.2,0.2,0,2.1,0.1,0.4,54,1,2.4,4.8,-,-,3.0
Equatorial_Guinea,41.3,0,0.1,3,0,4.5,0,1.9,0,8,0.3,1,0.1,0,0.9,0.4,1.2,22.1,3.2,44.1,9.2,288,439,3.1
Gabon,33.3,0,0.1,1.9,0,10.3,0,1.6,0,5.8,0.2,0.4,0.1,0,0.5,0.3,1.6,37.5,3.1,23.4,13.1,691,927,2.0
Eastern_Sub_Saharan_Africa,28.5,0.5,1.2,5.7,0.8,3.3,0,3.5,0.2,19.3,1,0.6,0.8,0,2,0.6,0.7,19.3,4.6,24.4,11.5,31529,131540,6.9
Burundi,31.5,0.1,0.2,2.6,0.2,2.5,0,3.4,0,29.5,0.6,0.8,2,0,3,0,1.1,32.8,5.6,7.2,8.2,731,4539,2.8
Comoros,16.1,0.4,1.7,2.2,0.6,1.3,0,1.9,0.3,7.2,0.2,0.4,0.5,0,2.1,3.3,0.4,18,2.8,12.2,44.5,75,205,3.9
Djibouti,41.1,2.2,1.5,10.7,0.8,4.8,0.1,3.6,0.1,3.9,0.2,0.3,0.2,-0.1,1.7,1.5,0.1,0.3,2.3,60.9,5,343,592,12.2
Eritrea,41.6,1.9,1.3,9.1,0.5,4.4,0.1,3.3,0.1,4,0.2,0.4,0.1,-0.1,1.6,1,0.1,0.5,2.4,64.6,4.5,1078,3668,10.4
Ethiopia,32.6,0.9,0.8,9.3,0.8,3.7,0,3.3,0.1,21.3,0.6,0.6,0.2,0,1.9,0.6,0.3,5,4.2,38.3,8,6473,33633,10.1
Addis_Ababa,31.5,0.6,0.7,11.1,0.9,4.1,0,3.5,0.1,28.1,0.8,0.6,0.2,0,2.2,0.6,0.2,2.1,4.9,32.2,7,-,-,11.8
Kenya,24.4,0.2,0.6,7.3,1.7,2.9,0,6.1,0.1,23,3.6,0.3,0.7,0,2.1,0.5,0.3,6,7,25.1,12.4,5029,12872,7.9
Nakuru,23.8,0.1,0.5,7.9,1.9,2.5,0,7.2,0.1,27.2,5,0.2,0.6,0,2.4,0.3,0.2,5.3,8.2,20.9,9.3,-,-,8.4
Madagascar,17.5,0.4,1.9,2.2,1.7,2.5,0,2.3,0.3,7.8,0.7,0.9,1.2,0,3.4,1.4,0.5,31.2,3.8,3.5,34.4,1768,6616,4.1
Malawi,23.1,0.7,2.5,1.2,0.4,2,0,2.3,0.3,9.7,0.1,1.1,0.9,0,1.9,0.4,0.5,57.6,3,4.2,11.1,1070,4842,3.7
Mozambique,21.4,0.9,7,1.3,0.7,1.9,0,2.8,1.1,7.9,0.2,1.2,0.7,0,1.6,1.5,0.5,43.9,3.1,5.2,18.8,1506,8492,8.3
Beira,24.2,0.6,7.8,1.1,0.7,1.9,0,2.6,1.1,6.7,0.2,1.1,0.6,0,1.2,2,0.4,40.8,2.7,4.7,23.8,-,-,8.9
Rwanda,33.8,0.2,0.2,3,0.3,3.1,0,3.8,0,34.2,0.8,1,2.3,0,3.9,0,1.2,22.8,6.9,7.5,8.7,1325,4827,3.2
Kigali,34.8,0.2,0.2,3.2,0.3,3.2,0,4.1,0,36.1,0.9,1.1,2.5,0,4.2,0.1,1.2,20.2,7.2,7.2,8.2,-,-,3.4
Somalia,28.8,0.8,1.2,4.9,1.1,2.6,0,2.3,0.2,5.5,0.2,0.3,0.3,0,1.1,1.3,0.1,0.9,3.4,61,12.9,583,9549,6.1
South_Sudan,36.4,0.3,0.4,3.9,0.3,1.5,0,2.4,0.1,7.6,0.2,0.3,0.2,0,1,0.3,1.5,27.4,2.6,42,8.2,1084,4609,4.3
Tanzania,24.6,0.2,0.9,3.9,0.9,3.5,0,3.2,0.2,19.1,0.9,0.3,1.8,0,1.6,0.5,0.8,27,5.2,15,15.2,4856,18021,4.8
Arusha,23.1,0.1,0.9,6.6,2,4.4,0,4.3,0.2,20.6,2.1,0.2,1.8,0,1.6,0.5,0.4,9.3,6.8,23.2,15,-,-,7.5
Uganda,36.7,0.2,0.3,4.8,0.6,2.2,0,4.5,0.1,28.3,1.5,0.7,1.3,0,2.1,0.1,1.6,20.6,5.5,16.2,9.6,3430,13648,5.1
Kampala,48.5,0.1,0.2,6.7,0.8,3,0,5.7,0.1,34.2,2.1,0.8,1.6,0,2.1,0.1,1.1,11.9,5.9,14.7,8.8,-,-,6.9
Zambia,24.9,0.8,2.4,1.9,0.3,10.7,0.1,1.8,0.3,9.5,0.1,0.4,0.5,0,1.5,0.2,0.6,55.2,2.4,3.7,7.8,2179,5427,4.3
Ndola,26,0.9,1.4,1.9,0.2,15,0.1,1.3,0.2,8.3,0,0.3,0.3,0,1.8,0.1,0.5,56.3,1.5,3,7,-,-,3.3
Southern_Sub_Saharan_Africa,27,4.6,18.3,1.8,2.3,4.1,0,6.1,5.4,9.6,0.6,2.3,1.2,-0.1,3.4,0.8,0.6,14.7,7,8,9.2,29840,45500,20.1
Botswana,24.3,3.4,21.1,1.5,2.2,4.9,0,6.7,4.1,8.5,0.4,1.7,1,-0.1,2.7,0.3,0.3,17.4,5.8,9.2,9,803,1213,22.6
Lesotho,29.4,5.5,15.6,1.7,3.1,3.8,0,7.7,6.4,9.6,0.6,2.7,1.1,-0.1,3.8,0.5,0.6,11.4,5.6,12.8,7.5,781,1800,17.3
Namibia,24.4,1.1,7.5,0.9,0.8,8.2,0,3,0.9,5.1,0.1,0.5,0.7,0,0.9,0.3,0.4,42.5,2.7,15.8,8.6,697,1128,8.4
South_Africa,28.8,5.5,20.5,2,2.7,4.1,0,6.5,6.5,8.8,0.7,2.7,1,-0.1,3.9,0.9,0.7,8.6,7.5,8.5,8.9,25035,34898,22.5
Port_Elizabeth,23.9,3.1,5.9,1.3,2.1,2.9,0.1,7.2,5.2,5.5,0.4,2.1,0.8,-0.1,2.4,3.2,0.3,9.6,5.3,22.5,20.2,-,-,7.2
Johannesburg,40.2,6.7,26.1,2.6,3.1,5.1,0,6.9,7,9.6,0.9,2.9,1.1,-0.1,4.1,0.2,0.6,6.2,8.6,3.7,4.7,-,-,28.7
Eswatini,23.1,6.5,32.4,1.7,1.6,2.8,0,4.9,4.1,8,0.5,1.9,0.7,-0.1,3.9,1,0.9,10,4.1,4.9,10.3,303,561,34.1
Zimbabwe,21.7,1.1,8.9,1,1,3.6,0.1,4.4,1.1,13.9,0.5,0.8,1.9,0,1.7,0.5,0.4,37.9,6.1,4.2,10.9,2221,5900,9.9
Western_Sub_Saharan_Africa,59.4,0.1,0.2,1.5,0,1,0,2.2,0,7.5,0.3,0.7,0.1,0,0.9,0.2,1,5.9,1.7,74.1,2.7,94736,320839,1.7
Benin,42.6,0.1,0.1,1.9,0,1.4,0,3.9,0,8.9,0.5,0.9,0,0,0.9,0.2,1.3,6.5,1.9,68.6,2.6,1686,7039,2.0
Burkina_Faso,50.4,0,0.2,0.8,0,0.5,0,1.7,0,3.7,0.1,0.3,0.1,0,0.5,0.1,0.5,2.3,0.9,86.2,2.1,2666,16949,1.0
Cameroon,58.9,0.1,0.2,2,0,1.2,0,1.7,0,8.1,0.4,1.4,0.1,0,1.1,0.2,1.2,16,2.4,58.9,5.1,7777,19088,2.2
Cape_Verde,46.4,0.1,0.1,0.1,0,0.1,0,0.4,0,0.3,0,0,0,0,0.1,0.7,0,0.3,0.2,93.4,4,244,393,0.2
Chad,55.3,0.2,0.5,1.7,0.1,0.9,0,1.4,0,2.3,0.1,0.3,0.1,0,0.6,0.1,0.5,6.7,1.1,80.5,2.9,1979,13333,2.2
Cote_dIvoire,52.1,0.1,0.1,1.7,0,0.6,0,2.4,0,6.2,0.3,0.7,0.1,0,0.7,0.4,1.1,9.8,1.7,69.3,4.9,4970,16003,1.8
The_Gambia,58.6,0.1,0.1,0.7,0.1,0.2,0,0.9,0,1.4,0.1,0.1,0.1,0,0.4,0.5,0.6,2.6,0.5,89.4,2.3,407,1538,0.8
Ghana,54,0.1,0.1,2.1,0,1.2,0,3.1,0,6.3,0.3,0.6,0.1,0,0.7,0.3,1.7,9.7,2.2,67.6,3.8,10734,22565,2.2
Accra,64.3,0.1,0.1,2.5,0,1.6,0,3.4,0,6.8,0.4,0.6,0.1,0,0.7,0.5,2,9.8,2.6,64.8,4,-,-,2.6
Guinea,50.4,0.1,0.1,0.8,0,0.4,0,1.2,0,3.5,0.1,0.2,0.2,0,0.5,0.3,0.6,11.2,0.7,76.5,3.5,2084,11118,0.9
Guinea_Bissau,54.6,0.1,0.1,0.7,0,0.3,0,1,0,2.2,0.1,0.1,0.1,0,0.4,0.4,0.6,5.4,0.5,85.1,3,291,1400,0.8
Liberia,46.5,0.1,0.1,1,0,0.5,0,1.7,0,5,0.2,0.4,0.2,0,0.7,0.8,0.9,12,1.1,69.7,5.7,506,2170,1.1
Mali,56.5,0,0.2,0.6,0,0.4,0,1.1,0,2.3,0.1,0.2,0.1,0,0.4,0.1,0.4,2.3,0.6,89,2.1,2176,14124,0.8
Bamako,56.3,0,0.2,0.7,0,0.4,0,1.2,0,2.5,0.1,0.2,0.1,0,0.4,0.1,0.5,3,0.7,87.4,2.4,-,-,0.9
Mauritania,64.3,0,0.1,0.2,0,0.2,0,0.5,0,0.6,0,0.1,0,0,0.1,0.2,0.1,0.6,0.2,95.6,1.3,1117,2501,0.3
Niger,70.9,0.1,0.2,0.7,0,0.4,0,1.2,0,3,0.1,0.2,0,0,0.4,0.1,0.2,0.6,0.7,90.9,1.2,2232,19482,0.9
Nigeria,64.2,0.1,0.2,1.7,0,1.3,0,2.6,0,10.4,0.5,0.9,0,0,1.1,0.1,1.2,4.8,2.2,70.6,2.3,50577,152639,1.9
Ibadan,38.9,0.2,0.1,2.3,0,2,0,4.6,0,12.7,0.7,1.2,0,0,1.4,0.2,1.6,7.5,2.6,59.8,2.9,-,-,2.4
Lagos,34.2,0.1,0.1,2.6,0.1,2.1,0,4.4,0,12.5,0.7,1.2,0,0,1.2,0.3,1.7,8.1,2.5,59.1,3.1,-,-,2.7
Gombe,79.1,0.1,0.2,1,0,0.6,0,2.1,0,5.5,0.2,0.6,0,0,0.7,0.1,0.7,1.7,1.4,83.4,1.7,-,-,1.2
Oyo,41.1,0.2,0.1,2.1,0,2,0,4.8,0,12.6,0.6,1.2,0,0,1.4,0.2,1.6,7,2.7,60.6,2.8,-,-,2.2
Sao_Tome_and_Principe,29.5,0,0.3,1.5,0,2.3,0,1.4,0.1,5.1,0.1,0.3,0.1,0,0.5,0.7,1.1,35.5,2,36.8,11.9,45,98,1.8
Senegal,60.5,0.1,0.1,0.6,0.1,0.2,0,0.7,0,1,0.1,0.1,0.1,0,0.3,0.4,0.5,1.7,0.4,91.7,2,2732,9924,0.7
Sierra_Leone,48.2,0.1,0.1,0.9,0,0.5,0,1.3,0,4.4,0.2,0.3,0.2,0,0.6,0.6,0.8,12.2,0.9,72.2,4.6,1236,6034,1.0
Togo,44.4,0.1,0.1,2,0,1.4,0,3.6,0,8,0.5,0.8,0,0,0.8,0.2,1.7,8.1,1.9,67.8,2.9,1278,4440,2.1
Global,41.7,8.3,5.1,5.1,6,5.7,0.9,6,2,16.4,0.8,1.5,1.8,0.2,4.8,0.7,0.7,3.4,9.3,16.1,5.2,3832670,6222380,10.2
